{
  "name": "Storage Microservice API Handler",
  "nodes": [
    {
      "parameters": {
        "httpMethod": "POST",
        "path": "storage-service",
        "options": {}
      },
      "id": "webhook-listener",
      "name": "Webhook Listener",
      "type": "n8n-nodes-base.webhook",
      "typeVersion": 1,
      "position": [240, 300],
      "webhookId": "storage-service"
    },
    {
      "parameters": {
        "conditions": {
          "options": {
            "caseSensitive": true,
            "leftValue": "",
            "typeValidation": "strict"
          },
          "conditions": [
            {
              "id": "health-check",
              "leftValue": "={{ $json.endpoint }}",
              "rightValue": "/health",
              "operator": {
                "type": "string",
                "operation": "equals"
              }
            },
            {
              "id": "user-preferences-post",
              "leftValue": "={{ $json.endpoint + '-' + $json.method }}",
              "rightValue": "/user-preferences-POST",
              "operator": {
                "type": "string",
                "operation": "equals"
              }
            },
            {
              "id": "user-preferences-get",
              "leftValue": "={{ $json.endpoint.startsWith('/user-preferences') && $json.method === 'GET' }}",
              "rightValue": true,
              "operator": {
                "type": "boolean",
                "operation": "equal"
              }
            },
            {
              "id": "user-preferences-put",
              "leftValue": "={{ $json.endpoint.startsWith('/user-preferences') && $json.method === 'PUT' }}",
              "rightValue": true,
              "operator": {
                "type": "boolean",
                "operation": "equal"
              }
            },
            {
              "id": "user-preferences-delete",
              "leftValue": "={{ $json.endpoint.startsWith('/user-preferences') && $json.method === 'DELETE' }}",
              "rightValue": true,
              "operator": {
                "type": "boolean",
                "operation": "equal"
              }
            },
            {
              "id": "user-statistics-post",
              "leftValue": "={{ $json.endpoint + '-' + $json.method }}",
              "rightValue": "/user-statistics-POST",
              "operator": {
                "type": "string",
                "operation": "equals"
              }
            },
            {
              "id": "user-statistics-get",
              "leftValue": "={{ $json.endpoint.startsWith('/user-statistics') && $json.method === 'GET' }}",
              "rightValue": true,
              "operator": {
                "type": "boolean",
                "operation": "equal"
              }
            },
            {
              "id": "user-statistics-put",
              "leftValue": "={{ $json.endpoint.startsWith('/user-statistics') && $json.method === 'PUT' }}",
              "rightValue": true,
              "operator": {
                "type": "boolean",
                "operation": "equal"
              }
            },
            {
              "id": "user-statistics-delete",
              "leftValue": "={{ $json.endpoint.startsWith('/user-statistics') && $json.method === 'DELETE' }}",
              "rightValue": true,
              "operator": {
                "type": "boolean",
                "operation": "equal"
              }
            },
            {
              "id": "chat-histories-post",
              "leftValue": "={{ $json.endpoint + '-' + $json.method }}",
              "rightValue": "/chat-histories-POST",
              "operator": {
                "type": "string",
                "operation": "equals"
              }
            },
            {
              "id": "chat-histories-get",
              "leftValue": "={{ $json.endpoint.startsWith('/chat-histories') && $json.method === 'GET' }}",
              "rightValue": true,
              "operator": {
                "type": "boolean",
                "operation": "equal"
              }
            },
            {
              "id": "chat-histories-delete",
              "leftValue": "={{ $json.endpoint.startsWith('/chat-histories') && $json.method === 'DELETE' }}",
              "rightValue": true,
              "operator": {
                "type": "boolean",
                "operation": "equal"
              }
            },
            {
              "id": "stats-get",
              "leftValue": "={{ $json.endpoint + '-' + $json.method }}",
              "rightValue": "/stats-GET",
              "operator": {
                "type": "string",
                "operation": "equals"
              }
            },
            {
              "id": "clear-all-post",
              "leftValue": "={{ $json.endpoint + '-' + $json.method }}",
              "rightValue": "/clear-all-POST",
              "operator": {
                "type": "string",
                "operation": "equals"
              }
            }
          ]
        },
        "options": {}
      },
      "id": "api-router",
      "name": "API Router",
      "type": "n8n-nodes-base.switch",
      "typeVersion": 1,
      "position": [460, 300]
    },
    {
      "parameters": {
        "url": "http://localhost:3005/health",
        "options": {}
      },
      "id": "health-check-request",
      "name": "Health Check",
      "type": "n8n-nodes-base.httpRequest",
      "typeVersion": 4.1,
      "position": [680, 100]
    },
    {
      "parameters": {
        "url": "http://localhost:3005{{ $json.endpoint }}",
        "sendHeaders": true,
        "headerParameters": {
          "parameters": [
            {
              "name": "Content-Type",
              "value": "application/json"
            }
          ]
        },
        "sendBody": true,
        "bodyParameters": {
          "parameters": []
        },
        "body": "={{ JSON.stringify($json.data || {}) }}",
        "options": {}
      },
      "id": "user-preferences-post-request",
      "name": "Create User Preference",
      "type": "n8n-nodes-base.httpRequest",
      "typeVersion": 4.1,
      "position": [680, 180]
    },
    {
      "parameters": {
        "url": "http://localhost:3005{{ $json.endpoint }}",
        "options": {}
      },
      "id": "user-preferences-get-request",
      "name": "Get User Preference",
      "type": "n8n-nodes-base.httpRequest",
      "typeVersion": 4.1,
      "position": [680, 260]
    },
    {
      "parameters": {
        "method": "PUT",
        "url": "http://localhost:3005{{ $json.endpoint }}",
        "sendHeaders": true,
        "headerParameters": {
          "parameters": [
            {
              "name": "Content-Type",
              "value": "application/json"
            }
          ]
        },
        "sendBody": true,
        "body": "={{ JSON.stringify($json.data || {}) }}",
        "options": {}
      },
      "id": "user-preferences-put-request",
      "name": "Update User Preference",
      "type": "n8n-nodes-base.httpRequest",
      "typeVersion": 4.1,
      "position": [680, 340]
    },
    {
      "parameters": {
        "method": "DELETE",
        "url": "http://localhost:3005{{ $json.endpoint }}",
        "options": {}
      },
      "id": "user-preferences-delete-request",
      "name": "Delete User Preference",
      "type": "n8n-nodes-base.httpRequest",
      "typeVersion": 4.1,
      "position": [680, 420]
    },
    {
      "parameters": {
        "method": "POST",
        "url": "http://localhost:3005{{ $json.endpoint }}",
        "sendHeaders": true,
        "headerParameters": {
          "parameters": [
            {
              "name": "Content-Type",
              "value": "application/json"
            }
          ]
        },
        "sendBody": true,
        "body": "={{ JSON.stringify($json.data || {}) }}",
        "options": {}
      },
      "id": "user-statistics-post-request",
      "name": "Create User Statistics",
      "type": "n8n-nodes-base.httpRequest",
      "typeVersion": 4.1,
      "position": [680, 500]
    },
    {
      "parameters": {
        "url": "http://localhost:3005{{ $json.endpoint }}",
        "options": {}
      },
      "id": "user-statistics-get-request",
      "name": "Get User Statistics",
      "type": "n8n-nodes-base.httpRequest",
      "typeVersion": 4.1,
      "position": [680, 580]
    },
    {
      "parameters": {
        "method": "PUT",
        "url": "http://localhost:3005{{ $json.endpoint }}",
        "sendHeaders": true,
        "headerParameters": {
          "parameters": [
            {
              "name": "Content-Type",
              "value": "application/json"
            }
          ]
        },
        "sendBody": true,
        "body": "={{ JSON.stringify($json.data || {}) }}",
        "options": {}
      },
      "id": "user-statistics-put-request",
      "name": "Update User Statistics",
      "type": "n8n-nodes-base.httpRequest",
      "typeVersion": 4.1,
      "position": [680, 660]
    },
    {
      "parameters": {
        "method": "DELETE",
        "url": "http://localhost:3005{{ $json.endpoint }}",
        "options": {}
      },
      "id": "user-statistics-delete-request",
      "name": "Delete User Statistics",
      "type": "n8n-nodes-base.httpRequest",
      "typeVersion": 4.1,
      "position": [680, 740]
    },
    {
      "parameters": {
        "method": "POST",
        "url": "http://localhost:3005{{ $json.endpoint }}",
        "sendHeaders": true,
        "headerParameters": {
          "parameters": [
            {
              "name": "Content-Type",
              "value": "application/json"
            }
          ]
        },
        "sendBody": true,
        "body": "={{ JSON.stringify($json.data || {}) }}",
        "options": {}
      },
      "id": "chat-histories-post-request",
      "name": "Create Chat History",
      "type": "n8n-nodes-base.httpRequest",
      "typeVersion": 4.1,
      "position": [680, 820]
    },
    {
      "parameters": {
        "url": "http://localhost:3005{{ $json.endpoint }}",
        "options": {}
      },
      "id": "chat-histories-get-request",
      "name": "Get Chat History",
      "type": "n8n-nodes-base.httpRequest",
      "typeVersion": 4.1,
      "position": [680, 900]
    },
    {
      "parameters": {
        "method": "DELETE",
        "url": "http://localhost:3005{{ $json.endpoint }}",
        "options": {}
      },
      "id": "chat-histories-delete-request",
      "name": "Delete Chat History",
      "type": "n8n-nodes-base.httpRequest",
      "typeVersion": 4.1,
      "position": [680, 980]
    },
    {
      "parameters": {
        "url": "http://localhost:3005{{ $json.endpoint }}",
        "options": {}
      },
      "id": "stats-get-request",
      "name": "Get Statistics",
      "type": "n8n-nodes-base.httpRequest",
      "typeVersion": 4.1,
      "position": [680, 1060]
    },
    {
      "parameters": {
        "method": "POST",
        "url": "http://localhost:3005{{ $json.endpoint }}",
        "options": {}
      },
      "id": "clear-all-request",
      "name": "Clear All Data",
      "type": "n8n-nodes-base.httpRequest",
      "typeVersion": 4.1,
      "position": [680, 1140]
    },
    {
      "parameters": {
        "respondWith": "json",
        "responseBody": "={{ $json }}",
        "options": {}
      },
      "id": "webhook-response",
      "name": "Return Response",
      "type": "n8n-nodes-base.respondToWebhook",
      "typeVersion": 1,
      "position": [900, 300]
    },
    {
      "parameters": {
        "respondWith": "json",
        "responseCode": 400,
        "responseBody": "={{ { \"error\": \"未支持的API端点\", \"endpoint\": $json.endpoint, \"method\": $json.method } }}",
        "options": {}
      },
      "id": "error-response",
      "name": "Error Response",
      "type": "n8n-nodes-base.respondToWebhook",
      "typeVersion": 1,
      "position": [680, 1220]
    }
  ],
  "connections": {
    "Webhook Listener": {
      "main": [
        [
          {
            "node": "API Router",
            "type": "main",
            "index": 0
          }
        ]
      ]
    },
    "API Router": {
      "main": [
        [
          {
            "node": "Health Check",
            "type": "main",
            "index": 0
          }
        ],
        [
          {
            "node": "Create User Preference",
            "type": "main",
            "index": 0
          }
        ],
        [
          {
            "node": "Get User Preference",
            "type": "main",
            "index": 0
          }
        ],
        [
          {
            "node": "Update User Preference",
            "type": "main",
            "index": 0
          }
        ],
        [
          {
            "node": "Delete User Preference",
            "type": "main",
            "index": 0
          }
        ],
        [
          {
            "node": "Create User Statistics",
            "type": "main",
            "index": 0
          }
        ],
        [
          {
            "node": "Get User Statistics",
            "type": "main",
            "index": 0
          }
        ],
        [
          {
            "node": "Update User Statistics",
            "type": "main",
            "index": 0
          }
        ],
        [
          {
            "node": "Delete User Statistics",
            "type": "main",
            "index": 0
          }
        ],
        [
          {
            "node": "Create Chat History",
            "type": "main",
            "index": 0
          }
        ],
        [
          {
            "node": "Get Chat History",
            "type": "main",
            "index": 0
          }
        ],
        [
          {
            "node": "Delete Chat History",
            "type": "main",
            "index": 0
          }
        ],
        [
          {
            "node": "Get Statistics",
            "type": "main",
            "index": 0
          }
        ],
        [
          {
            "node": "Clear All Data",
            "type": "main",
            "index": 0
          }
        ],
        [
          {
            "node": "Error Response",
            "type": "main",
            "index": 0
          }
        ]
      ]
    },
    "Health Check": {
      "main": [
        [
          {
            "node": "Return Response",
            "type": "main",
            "index": 0
          }
        ]
      ]
    },
    "Create User Preference": {
      "main": [
        [
          {
            "node": "Return Response",
            "type": "main",
            "index": 0
          }
        ]
      ]
    },
    "Get User Preference": {
      "main": [
        [
          {
            "node": "Return Response",
            "type": "main",
            "index": 0
          }
        ]
      ]
    },
    "Update User Preference": {
      "main": [
        [
          {
            "node": "Return Response",
            "type": "main",
            "index": 0
          }
        ]
      ]
    },
    "Delete User Preference": {
      "main": [
        [
          {
            "node": "Return Response",
            "type": "main",
            "index": 0
          }
        ]
      ]
    },
    "Create User Statistics": {
      "main": [
        [
          {
            "node": "Return Response",
            "type": "main",
            "index": 0
          }
        ]
      ]
    },
    "Get User Statistics": {
      "main": [
        [
          {
            "node": "Return Response",
            "type": "main",
            "index": 0
          }
        ]
      ]
    },
    "Update User Statistics": {
      "main": [
        [
          {
            "node": "Return Response",
            "type": "main",
            "index": 0
          }
        ]
      ]
    },
    "Delete User Statistics": {
      "main": [
        [
          {
            "node": "Return Response",
            "type": "main",
            "index": 0
          }
        ]
      ]
    },
    "Create Chat History": {
      "main": [
        [
          {
            "node": "Return Response",
            "type": "main",
            "index": 0
          }
        ]
      ]
    },
    "Get Chat History": {
      "main": [
        [
          {
            "node": "Return Response",
            "type": "main",
            "index": 0
          }
        ]
      ]
    },
    "Delete Chat History": {
      "main": [
        [
          {
            "node": "Return Response",
            "type": "main",
            "index": 0
          }
        ]
      ]
    },
    "Get Statistics": {
      "main": [
        [
          {
            "node": "Return Response",
            "type": "main",
            "index": 0
          }
        ]
      ]
    },
    "Clear All Data": {
      "main": [
        [
          {
            "node": "Return Response",
            "type": "main",
            "index": 0
          }
        ]
      ]
    }
  },
  "active": true,
  "settings": {
    "executionOrder": "v1"
  },
  "versionId": "1",
  "meta": {
    "templateCredsSetupCompleted": true
  },
  "id": "1",
  "tags": []
}